product_id,img_link
4,https://m.media-amazon.com/images/I/41V5FtEWPkL._SX300_SY300_QL70_FMwebp_.jpg
5,https://m.media-amazon.com/images/W/WEBP_402378-T2/images/I/31VzNhhqifL._SX300_SY300_QL70_FMwebp_.jpg
6,https://m.media-amazon.com/images/I/31wOPjcSxlL._SX300_SY300_QL70_FMwebp_.jpg
8,https://m.media-amazon.com/images/I/31XO-wfGGGL._SX300_SY300_QL70_FMwebp_.jpg
11,https://m.media-amazon.com/images/I/31dJ+lXJq3L._SY300_SX300_.jpg
12,https://m.media-amazon.com/images/I/41SDfuK7L2L._SX300_SY300_QL70_FMwebp_.jpg
13,https://m.media-amazon.com/images/I/41nPYaWA+ML._SY300_SX300_.jpg
14,https://m.media-amazon.com/images/I/31J6qGhAL9L._SX300_SY300_QL70_FMwebp_.jpg
16,https://m.media-amazon.com/images/W/WEBP_402378-T1/images/I/31gaP7qpBNL._SX300_SY300_QL70_FMwebp_.jpg
17,https://m.media-amazon.com/images/I/51fmHk3km+L._SX300_SY300_.jpg
18,https://m.media-amazon.com/images/I/41d84o5-M-L._SY445_SX342_QL70_FMwebp_.jpg
21,https://m.media-amazon.com/images/W/WEBP_402378-T1/images/I/41TZJiPRRwL._SX300_SY300_QL70_FMwebp_.jpg
22,https://m.media-amazon.com/images/W/WEBP_402378-T1/images/I/31MIyzg8uzL._SX300_SY300_QL70_FMwebp_.jpg
23,https://m.media-amazon.com/images/W/WEBP_402378-T1/images/I/51q3+E64azL._SX300_SY300_.jpg
24,https://m.media-amazon.com/images/I/31qGpf8uzuL._SY445_SX342_QL70_FMwebp_.jpg
25,https://m.media-amazon.com/images/I/41gikeSuhAL._SY300_SX300_QL70_FMwebp_.jpg
26,https://m.media-amazon.com/images/I/41da4tk7N+L._SY300_SX300_.jpg
28,https://m.media-amazon.com/images/W/WEBP_402378-T2/images/I/41GeM83DzzL._SX300_SY300_QL70_FMwebp_.jpg
29,https://m.media-amazon.com/images/W/WEBP_402378-T2/images/I/4177nw8okbL._SX300_SY300_QL70_FMwebp_.jpg
30,https://m.media-amazon.com/images/I/41jk4zYjTsL._SX300_SY300_QL70_FMwebp_.jpg
33,https://m.media-amazon.com/images/I/419QKVTxaSL._SX300_SY300_QL70_FMwebp_.jpg
34,https://m.media-amazon.com/images/W/WEBP_402378-T1/images/I/11ICusapw3L._SY300_SX300_QL70_FMwebp_.jpg
35,https://m.media-amazon.com/images/I/41wN7jooz0L._SX300_SY300_QL70_FMwebp_.jpg
37,https://m.media-amazon.com/images/I/3183iGEWksL._SX300_SY300_QL70_FMwebp_.jpg
38,https://m.media-amazon.com/images/W/WEBP_402378-T1/images/I/41P2EdQI1ZL._SY445_SX342_QL70_FMwebp_.jpg
39,https://m.media-amazon.com/images/I/51hQfTroMzL._SX300_SY300_QL70_FMwebp_.jpg
40,https://m.media-amazon.com/images/W/WEBP_402378-T1/images/I/41v5BQZzfAL._SX300_SY300_QL70_FMwebp_.jpg
41,https://m.media-amazon.com/images/I/4101vlzySzL._SY300_SX300_QL70_FMwebp_.jpg
42,https://m.media-amazon.com/images/I/41nsy8kxWUL._SY300_SX300_QL70_FMwebp_.jpg
44,https://m.media-amazon.com/images/W/WEBP_402378-T2/images/I/31EHCPHbSlL._SX300_SY300_QL70_FMwebp_.jpg
45,https://m.media-amazon.com/images/I/31v7NnnAItL._SY445_SX342_QL70_FMwebp_.jpg
47,https://m.media-amazon.com/images/I/31+NwZ8gb1L._SX300_SY300_.jpg
48,https://m.media-amazon.com/images/I/41bCxnHksnL._SY300_SX300_QL70_FMwebp_.jpg
51,https://m.media-amazon.com/images/I/216Q4FqmZVL._SX300_SY300_QL70_FMwebp_.jpg
53,https://m.media-amazon.com/images/I/31kw1RgU5yL._SX300_SY300_QL70_FMwebp_.jpg
54,https://m.media-amazon.com/images/I/418GxB04szL._SY300_SX300_QL70_FMwebp_.jpg
55,https://m.media-amazon.com/images/W/WEBP_402378-T2/images/I/41rbKciLrcL._SX300_SY300_QL70_FMwebp_.jpg
56,https://m.media-amazon.com/images/I/315GdnF+LcL._SY300_SX300_.jpg
57,https://m.media-amazon.com/images/I/41jxZkzNcnL._SX300_SY300_QL70_FMwebp_.jpg
58,https://m.media-amazon.com/images/I/512YHGuR4RL._SX300_SY300_QL70_FMwebp_.jpg
60,https://m.media-amazon.com/images/W/WEBP_402378-T1/images/I/31pQZsxPR4L._SX300_SY300_QL70_FMwebp_.jpg
62,https://m.media-amazon.com/images/I/41Tz1YnJkoL._SY300_SX300_QL70_FMwebp_.jpg
63,https://m.media-amazon.com/images/I/310WOJIrwjL._SX300_SY300_QL70_FMwebp_.jpg
65,https://m.media-amazon.com/images/W/WEBP_402378-T2/images/I/41611VFTGwL._SY300_SX300_QL70_FMwebp_.jpg
66,https://m.media-amazon.com/images/I/41eJqkFjCRL._SY300_SX300_QL70_FMwebp_.jpg
67,https://m.media-amazon.com/images/I/41x3iKbD-+L._SX342_SY445_.jpg
68,https://m.media-amazon.com/images/I/51FicDnawaL._SY300_SX300_QL70_FMwebp_.jpg
69,https://m.media-amazon.com/images/I/41+mgWz7knL._SX300_SY300_.jpg
71,https://m.media-amazon.com/images/I/41gztmbiIgL._SX300_SY300_QL70_FMwebp_.jpg
74,https://m.media-amazon.com/images/I/41gFqSHngyL._SX300_SY300_QL70_FMwebp_.jpg
75,https://m.media-amazon.com/images/I/41jlh3c7UbL._SX300_SY300_QL70_FMwebp_.jpg
76,https://m.media-amazon.com/images/I/31x3IUfMneL._SX300_SY300_QL70_FMwebp_.jpg
77,https://m.media-amazon.com/images/W/WEBP_402378-T1/images/I/31l-eZHBfKL._SX300_SY300_QL70_FMwebp_.jpg
78,https://m.media-amazon.com/images/I/51ow6bmLWIL._SY300_SX300_QL70_FMwebp_.jpg
79,https://m.media-amazon.com/images/I/41KmCJuybRL._SX300_SY300_QL70_FMwebp_.jpg
80,https://m.media-amazon.com/images/I/31C4z2M8TiL._SX300_SY300_QL70_FMwebp_.jpg
83,https://m.media-amazon.com/images/I/41M9BBMSUdL._SX300_SY300_QL70_FMwebp_.jpg
84,https://m.media-amazon.com/images/I/412XfBAEikL._SX300_SY300_QL70_FMwebp_.jpg
85,https://m.media-amazon.com/images/W/WEBP_402378-T1/images/I/41J6oGU8w5L._SX300_SY300_QL70_FMwebp_.jpg
88,https://m.media-amazon.com/images/I/41RVzq6GiIL._SY300_SX300_QL70_FMwebp_.jpg
90,https://m.media-amazon.com/images/I/412fvb7k2FL._SX300_SY300_QL70_FMwebp_.jpg
91,https://m.media-amazon.com/images/I/31mgo4D-kPL._SX300_SY300_QL70_FMwebp_.jpg
92,https://m.media-amazon.com/images/I/51F6FClq10L._SX300_SY300_QL70_FMwebp_.jpg
97,https://m.media-amazon.com/images/I/21PB1kWQWdL._SX300_SY300_QL70_FMwebp_.jpg
101,https://m.media-amazon.com/images/I/41pA1xo-mIL._SX300_SY300_QL70_FMwebp_.jpg
102,https://m.media-amazon.com/images/I/31kw1RgU5yL._SX300_SY300_QL70_FMwebp_.jpg
109,https://m.media-amazon.com/images/I/41pdZIhY+gL._SY300_SX300_.jpg
111,https://m.media-amazon.com/images/I/41fruBt99gL._SX300_SY300_QL70_FMwebp_.jpg
112,https://m.media-amazon.com/images/W/WEBP_402378-T2/images/I/41jk4zYjTsL._SX300_SY300_QL70_FMwebp_.jpg
116,https://m.media-amazon.com/images/I/21rxGo3S7FL._SY445_SX342_QL70_FMwebp_.jpg
117,https://m.media-amazon.com/images/I/31sBb-2L8KL._SX300_SY300_QL70_FMwebp_.jpg
120,https://m.media-amazon.com/images/I/41LCWn4aUHL._SX300_SY300_QL70_FMwebp_.jpg
122,https://m.media-amazon.com/images/I/31-J+oOnb8L._SY300_SX300_.jpg
123,https://m.media-amazon.com/images/I/41P2TNMG-hL._SY300_SX300_QL70_FMwebp_.jpg
124,https://m.media-amazon.com/images/I/51Pu9zNUbtL._SY300_SX300_QL70_FMwebp_.jpg
125,https://m.media-amazon.com/images/I/41Om+JyC4iL._SX300_SY300_.jpg
126,https://m.media-amazon.com/images/I/41F6ukNxcCL._SX300_SY300_QL70_FMwebp_.jpg
127,https://m.media-amazon.com/images/I/41Rg-JkRGgL._SY300_SX300_QL70_FMwebp_.jpg
128,https://m.media-amazon.com/images/I/51O93lUTxtL._SY300_SX300_QL70_FMwebp_.jpg
129,https://m.media-amazon.com/images/I/31Bfu6liMWL._SX300_SY300_QL70_FMwebp_.jpg
130,https://m.media-amazon.com/images/I/513rqzxlDpL._SX300_SY300_QL70_FMwebp_.jpg
132,https://m.media-amazon.com/images/I/41Rd-jDNOmL._SY445_SX342_QL70_FMwebp_.jpg
134,https://m.media-amazon.com/images/I/21fnxCjCF1L._SX300_SY300_QL70_FMwebp_.jpg
135,https://m.media-amazon.com/images/I/31R8-XSK40L._SX342_SY445_QL70_FMwebp_.jpg
137,https://m.media-amazon.com/images/I/41gUqtvpULL._SX300_SY300_QL70_FMwebp_.jpg
140,https://m.media-amazon.com/images/I/41alINWQKXL._SX300_SY300_QL70_FMwebp_.jpg
141,https://m.media-amazon.com/images/I/41wI9GGhTHL._SX300_SY300_QL70_FMwebp_.jpg
143,https://m.media-amazon.com/images/I/21yP58lKDoL._SX300_SY300_QL70_FMwebp_.jpg
144,https://m.media-amazon.com/images/I/31Wb+A3VVdL._SY300_SX300_.jpg
145,https://m.media-amazon.com/images/I/41ZptRPWCPL._SY300_SX300_QL70_FMwebp_.jpg
148,https://m.media-amazon.com/images/I/31y7uO5DU8L._SX300_SY300_QL70_FMwebp_.jpg
149,https://m.media-amazon.com/images/I/41CF6GtnpKL._SX300_SY300_QL70_FMwebp_.jpg
151,https://m.media-amazon.com/images/I/41HhmJpfjNL._SX300_SY300_QL70_FMwebp_.jpg
152,https://m.media-amazon.com/images/W/WEBP_402378-T1/images/I/419QKVTxaSL._SX300_SY300_QL70_FMwebp_.jpg
155,https://m.media-amazon.com/images/I/41c5wGlZyPS._SX300_SY300_QL70_FMwebp_.jpg
160,https://m.media-amazon.com/images/I/31yHKPd+rsL._SY300_SX300_.jpg
162,https://m.media-amazon.com/images/I/41-NYo+m0JL._SY300_SX300_.jpg
163,https://m.media-amazon.com/images/I/41agXfR4tqL._SX300_SY300_QL70_FMwebp_.jpg
165,https://m.media-amazon.com/images/I/21DUuehBaRL._SX300_SY300_QL70_FMwebp_.jpg
166,https://m.media-amazon.com/images/I/31vPhcWqqWL._SX300_SY300_QL70_FMwebp_.jpg
167,https://m.media-amazon.com/images/I/41bkm5HhWsL._SY445_SX342_QL70_FMwebp_.jpg
169,https://m.media-amazon.com/images/I/51sUInS8MiL._SY300_SX300_QL70_FMwebp_.jpg
170,https://m.media-amazon.com/images/I/31Kt+OO7C6L._SY300_SX300_.jpg
174,https://m.media-amazon.com/images/I/416qO6VZHgL._SX300_SY300_QL70_FMwebp_.jpg
175,https://m.media-amazon.com/images/I/317OoQfs1gL._SX300_SY300_QL70_FMwebp_.jpg
178,https://m.media-amazon.com/images/I/41EhlNJ-v8L._SX300_SY300_QL70_FMwebp_.jpg
179,https://m.media-amazon.com/images/I/31jSLNakA7L._SY445_SX342_QL70_FMwebp_.jpg
181,https://m.media-amazon.com/images/I/319bv0gNOeL._SX300_SY300_QL70_FMwebp_.jpg
183,https://m.media-amazon.com/images/I/41vVXPCqnML._SX300_SY300_QL70_FMwebp_.jpg
184,https://m.media-amazon.com/images/I/41JooboBmuL._SX300_SY300_QL70_FMwebp_.jpg
185,https://m.media-amazon.com/images/I/41sNnS4Rl7L._SX300_SY300_QL70_FMwebp_.jpg
186,https://m.media-amazon.com/images/I/41p9mn0fmIL._SY300_SX300_QL70_FMwebp_.jpg
188,https://m.media-amazon.com/images/I/417MtmtMOvL._SY445_SX342_QL70_FMwebp_.jpg
190,https://m.media-amazon.com/images/W/WEBP_402378-T2/images/I/41CF6GtnpKL._SX300_SY300_QL70_FMwebp_.jpg
195,https://m.media-amazon.com/images/I/41Fu3K9KAZL._SX300_SY300_QL70_FMwebp_.jpg
196,https://m.media-amazon.com/images/I/31PBfa92GVL._SX300_SY300_QL70_FMwebp_.jpg
197,https://m.media-amazon.com/images/I/31s3DOD2d1L._SY445_SX342_QL70_FMwebp_.jpg
199,https://m.media-amazon.com/images/I/21rGO6HtUxL._SY445_SX342_QL70_FMwebp_.jpg
201,https://m.media-amazon.com/images/I/41LwSJdthGL._SX300_SY300_QL70_FMwebp_.jpg
206,https://m.media-amazon.com/images/I/31Lqjmed98L._SX300_SY300_QL70_FMwebp_.jpg
207,https://m.media-amazon.com/images/I/51lDlqmDxQL._SY300_SX300_QL70_FMwebp_.jpg
208,https://m.media-amazon.com/images/I/31wPIFxnDaL._SY445_SX342_QL70_FMwebp_.jpg
211,https://m.media-amazon.com/images/I/41p+lllC3HL._SY300_SX300_.jpg
213,https://m.media-amazon.com/images/I/41WuKPTQhTL._SY300_SX300_QL70_FMwebp_.jpg
214,https://m.media-amazon.com/images/I/31f4cZdDnJL._SX300_SY300_QL70_FMwebp_.jpg
215,https://m.media-amazon.com/images/I/31QdoA5bJAL._SX300_SY300_QL70_FMwebp_.jpg
216,https://m.media-amazon.com/images/I/41YDz0uQZaL._SY300_SX300_QL70_FMwebp_.jpg
217,https://m.media-amazon.com/images/I/41BaZZ48wjS._SX300_SY300_QL70_FMwebp_.jpg
220,https://m.media-amazon.com/images/I/41ovRStbxUL._SX300_SY300_QL70_FMwebp_.jpg
221,https://m.media-amazon.com/images/I/41eHLj-wfGL._SX300_SY300_QL70_FMwebp_.jpg
222,https://m.media-amazon.com/images/I/31U-gk8FwsL._SX300_SY300_QL70_FMwebp_.jpg
223,https://m.media-amazon.com/images/I/41yMQskyzFL._SX300_SY300_QL70_FMwebp_.jpg
225,https://m.media-amazon.com/images/I/31J3pwT7i4L._SY300_SX300_QL70_FMwebp_.jpg
228,https://m.media-amazon.com/images/I/41+H-BiHBlS._SX300_SY300_.jpg
229,https://m.media-amazon.com/images/I/41VKU5Lkg3L._SX300_SY300_QL70_FMwebp_.jpg
233,https://m.media-amazon.com/images/I/51TJwbyAtNL._SX300_SY300_QL70_FMwebp_.jpg
234,https://m.media-amazon.com/images/I/4173mQ7F-mL._SX300_SY300_QL70_FMwebp_.jpg
236,https://m.media-amazon.com/images/I/21DySoa1X+L._SY300_SX300_.jpg
237,https://m.media-amazon.com/images/I/31DRQ+kgWaL._SY300_SX300_.jpg
242,https://m.media-amazon.com/images/I/41etMsrKqTL._SX300_SY300_QL70_FMwebp_.jpg
243,https://m.media-amazon.com/images/I/41js3ITzVHL._SY300_SX300_QL70_FMwebp_.jpg
246,https://m.media-amazon.com/images/I/412XfBAEikL._SX300_SY300_QL70_FMwebp_.jpg
247,https://m.media-amazon.com/images/I/317rlQQXhYL._SX300_SY300_QL70_FMwebp_.jpg
249,https://m.media-amazon.com/images/I/31qs7auuBKL._SY445_SX342_QL70_FMwebp_.jpg
250,https://m.media-amazon.com/images/I/51uVckL1jRL._SY300_SX300_QL70_FMwebp_.jpg
251,https://m.media-amazon.com/images/I/31x9nSr-rqL._SY300_SX300_QL70_FMwebp_.jpg
252,https://m.media-amazon.com/images/I/31c+W3iUSxL._SY300_SX300_.jpg
253,https://m.media-amazon.com/images/I/41Ft9wrU55L._SX300_SY300_QL70_FMwebp_.jpg
255,https://m.media-amazon.com/images/I/41QvckgGiCL._SY300_SX300_QL70_FMwebp_.jpg
256,https://m.media-amazon.com/images/W/WEBP_402378-T2/images/I/41pdZIhY+gL._SY300_SX300_.jpg
257,https://m.media-amazon.com/images/I/41Bh7qwDUmL._SY445_SX342_QL70_FMwebp_.jpg
258,https://m.media-amazon.com/images/I/416qO6VZHgL._SX300_SY300_QL70_FMwebp_.jpg
260,https://m.media-amazon.com/images/I/41jTlkBBf4L._SX300_SY300_QL70_FMwebp_.jpg
261,https://m.media-amazon.com/images/I/41BIgj-8fML._SY300_SX300_QL70_FMwebp_.jpg
268,https://m.media-amazon.com/images/I/41SxrTzMivL._SX300_SY300_QL70_FMwebp_.jpg
271,https://m.media-amazon.com/images/I/51aFoI9nNZL._SY300_SX300_QL70_FMwebp_.jpg
275,https://m.media-amazon.com/images/I/31x1oQ78mDL._SY300_SX300_QL70_FMwebp_.jpg
278,https://m.media-amazon.com/images/I/21pqzUPpJNL._SY300_SX300_QL70_FMwebp_.jpg
282,https://m.media-amazon.com/images/I/317Bv9KEltL._SX300_SY300_QL70_FMwebp_.jpg
287,https://m.media-amazon.com/images/I/51eyIMn02bL._SX300_SY300_QL70_FMwebp_.jpg
288,https://m.media-amazon.com/images/I/41XgWuRRNFL._SX300_SY300_QL70_FMwebp_.jpg
289,https://m.media-amazon.com/images/I/51xYKHUpdHL._SY300_SX300_QL70_FMwebp_.jpg
291,https://m.media-amazon.com/images/I/31jcyZIAWWL._SX300_SY300_QL70_FMwebp_.jpg
293,https://m.media-amazon.com/images/I/41uqZs26+oL._SY300_SX300_.jpg
294,https://m.media-amazon.com/images/I/41+BBk2fGcL._SX342_SY445_.jpg
296,https://m.media-amazon.com/images/I/512qfz0MI0L._SX300_SY300_QL70_FMwebp_.jpg
298,https://m.media-amazon.com/images/I/31NDmmkm19L._SX300_SY300_QL70_FMwebp_.jpg
299,https://m.media-amazon.com/images/I/21rEkD8xxpL._SX300_SY300_QL70_FMwebp_.jpg
300,https://m.media-amazon.com/images/I/41hCikFvL7L._SY300_SX300_QL70_FMwebp_.jpg
301,https://m.media-amazon.com/images/I/31VRCXh9kQS._SX300_SY300_QL70_FMwebp_.jpg
302,https://m.media-amazon.com/images/I/51aZN040THL._SX300_SY300_QL70_FMwebp_.jpg
303,https://m.media-amazon.com/images/I/51UUmio53PL._SX300_SY300_QL70_FMwebp_.jpg
304,https://m.media-amazon.com/images/I/31+EyQ3FtIL._SY300_SX300_.jpg
305,https://m.media-amazon.com/images/I/31JbtMrUYpL._SX300_SY300_QL70_FMwebp_.jpg
307,https://m.media-amazon.com/images/I/41s2f-e1d3L._SY300_SX300_QL70_FMwebp_.jpg
311,https://m.media-amazon.com/images/I/41bO-mGKk+L._SY300_SX300_.jpg
312,https://m.media-amazon.com/images/I/4175g2Idd9L._SY445_SX342_QL70_FMwebp_.jpg
321,https://m.media-amazon.com/images/I/41dwFttHxpL._SX300_SY300_QL70_FMwebp_.jpg
324,https://m.media-amazon.com/images/I/51UuhCYmBnL._SY300_SX300_QL70_FMwebp_.jpg
325,https://m.media-amazon.com/images/I/31-q0xhaTAL._SY445_SX342_QL70_FMwebp_.jpg
326,https://m.media-amazon.com/images/I/41sSPp4pkYL._SY300_SX300_QL70_FMwebp_.jpg
329,https://m.media-amazon.com/images/I/31FmMK7a9PL._SY445_SX342_QL70_FMwebp_.jpg
331,https://m.media-amazon.com/images/I/41Jy61seJKL._SX300_SY300_QL70_FMwebp_.jpg
332,https://m.media-amazon.com/images/I/41I2mS67DyL._SY300_SX300_QL70_FMwebp_.jpg
335,https://m.media-amazon.com/images/I/41WCgGbvwhL._SX300_SY300_QL70_ML2_.jpg
336,https://m.media-amazon.com/images/I/41sHRWXCfvL._SX300_SY300_QL70_ML2_.jpg
337,https://m.media-amazon.com/images/I/41d69zua5LL._SX300_SY300_QL70_ML2_.jpg
338,https://m.media-amazon.com/images/I/31grUs8OpvL._SX300_SY300_QL70_ML2_.jpg
339,https://m.media-amazon.com/images/I/41Wd9J6nfpL._SX300_SY300_QL70_ML2_.jpg
340,https://m.media-amazon.com/images/I/41iEc0hf6TL._SX300_SY300_QL70_ML2_.jpg
341,https://m.media-amazon.com/images/I/41qLZhKF5ZL._SX300_SY300_QL70_ML2_.jpg
342,https://m.media-amazon.com/images/I/41CB1rnC5tL._SX300_SY300_QL70_ML2_.jpg
343,https://m.media-amazon.com/images/I/41JM3Ra+tiL._SY300_SX300_.jpg
344,https://m.media-amazon.com/images/I/41ML8ZbPiiL._SY300_SX300_QL70_ML2_.jpg
345,https://m.media-amazon.com/images/I/41Peg4pz7fL._SX300_SY300_QL70_ML2_.jpg
346,https://m.media-amazon.com/images/I/31-hWNXDxiL._SX300_SY300_QL70_ML2_.jpg
347,https://m.media-amazon.com/images/I/41rxRY5TDSL._SX300_SY300_QL70_ML2_.jpg
348,https://m.media-amazon.com/images/I/31NnmYempPL._SX300_SY300_QL70_ML2_.jpg
349,https://m.media-amazon.com/images/I/41kg-+XWoxL._SY300_SX300_.jpg
350,https://m.media-amazon.com/images/I/41KBaLUTYHL._SX300_SY300_QL70_ML2_.jpg
351,https://m.media-amazon.com/images/I/41WpD4fqT4L._SX300_SY300_QL70_ML2_.jpg
352,https://m.media-amazon.com/images/I/41LZP1CmYRL._SX300_SY300_QL70_ML2_.jpg
353,https://m.media-amazon.com/images/I/31J6I7SrLXL._SX300_SY300_QL70_ML2_.jpg
354,https://m.media-amazon.com/images/I/413qMt0RdpL._SY300_SX300_QL70_ML2_.jpg
355,https://m.media-amazon.com/images/I/41IcuNkyrdL._SX300_SY300_QL70_ML2_.jpg
356,https://m.media-amazon.com/images/I/41J2W8DASzS._SX300_SY300_QL70_ML2_.jpg
357,https://m.media-amazon.com/images/I/21luyw7JrrL._SX300_SY300_QL70_ML2_.jpg
358,https://m.media-amazon.com/images/I/41ZK4aM4zgL._SX300_SY300_QL70_ML2_.jpg
359,https://m.media-amazon.com/images/I/21uXmiH98wL._SX300_SY300_QL70_ML2_.jpg
360,https://m.media-amazon.com/images/I/41qqmdUWnhL._SX300_SY300_QL70_ML2_.jpg
361,https://m.media-amazon.com/images/I/41ApzUQQFVL._SX300_SY300_QL70_ML2_.jpg
362,https://m.media-amazon.com/images/I/41t61osAZHL._SX300_SY300_QL70_ML2_.jpg
363,https://m.media-amazon.com/images/I/41aV2T7qLgL._SY300_SX300_QL70_ML2_.jpg
364,https://m.media-amazon.com/images/I/41op1vdp-UL._SX300_SY300_QL70_ML2_.jpg
365,https://m.media-amazon.com/images/I/41mzbWC6AkL._SX300_SY300_QL70_ML2_.jpg
366,https://m.media-amazon.com/images/I/41Mce3f9faL._SX300_SY300_QL70_ML2_.jpg
367,https://m.media-amazon.com/images/I/419KF2t1nML._SX300_SY300_QL70_ML2_.jpg
368,https://m.media-amazon.com/images/I/41OaM+9ZHXL._SY300_SX300_.jpg
369,https://m.media-amazon.com/images/I/41ivjqdXb0L._SX300_SY300_QL70_ML2_.jpg
370,https://m.media-amazon.com/images/I/51UsScvHQNL._SX300_SY300_QL70_ML2_.jpg
371,https://m.media-amazon.com/images/I/416SpYgTVYL._SX300_SY300_QL70_ML2_.jpg
372,https://m.media-amazon.com/images/I/41i7LM0pGwL._SX300_SY300_QL70_ML2_.jpg
373,https://m.media-amazon.com/images/I/410VGCE+q2L._SY300_SX300_.jpg
374,https://m.media-amazon.com/images/I/41wNAXmtvIL._SX300_SY300_QL70_ML2_.jpg
375,https://m.media-amazon.com/images/I/212redZnCCL._SX300_SY300_QL70_ML2_.jpg
376,https://m.media-amazon.com/images/I/41r1d8a2WGL._SX300_SY300_QL70_ML2_.jpg
377,https://m.media-amazon.com/images/I/413x7j3Z30L._SX300_SY300_QL70_ML2_.jpg
378,https://m.media-amazon.com/images/I/31zOsqQOAOL._SY445_SX342_QL70_ML2_.jpg
379,https://m.media-amazon.com/images/I/4105IiC5tDL._SX300_SY300_QL70_ML2_.jpg
380,https://m.media-amazon.com/images/I/31IvNJZnmdL._SY445_SX342_QL70_ML2_.jpg
381,https://m.media-amazon.com/images/I/41Fq27ZjJfL._SX300_SY300_QL70_ML2_.jpg
382,https://m.media-amazon.com/images/I/41VcqwZ-O8L._SX300_SY300_QL70_ML2_.jpg
383,https://m.media-amazon.com/images/I/31dYcDtt38L._SX300_SY300_QL70_ML2_.jpg
384,https://m.media-amazon.com/images/I/51UzDSGpNWL._SX300_SY300_QL70_ML2_.jpg
385,https://m.media-amazon.com/images/I/41m7DLY3yGL._SX300_SY300_QL70_ML2_.jpg
386,https://m.media-amazon.com/images/I/41-CKEKnjyL._SX300_SY300_QL70_ML2_.jpg
387,https://m.media-amazon.com/images/I/41BnHjRP0ZS._SX300_SY300_QL70_ML2_.jpg
388,https://m.media-amazon.com/images/I/41iEZV6nKbL._SX300_SY300_QL70_ML2_.jpg
389,https://m.media-amazon.com/images/I/21x1gw1geuL._SY300_SX300_QL70_ML2_.jpg
390,https://m.media-amazon.com/images/I/41NuSTFXerL._SX300_SY300_QL70_ML2_.jpg
391,https://m.media-amazon.com/images/I/41Coma77U+L._SY300_SX300_.jpg
392,https://m.media-amazon.com/images/I/411q-oMvehL._SX300_SY300_QL70_ML2_.jpg
393,https://m.media-amazon.com/images/I/41V5FtEWPkL._SX300_SY300_QL70_ML2_.jpg
394,https://m.media-amazon.com/images/I/31VzNhhqifL._SX300_SY300_QL70_ML2_.jpg
395,https://m.media-amazon.com/images/I/51DLLa8HNWL._SX300_SY300_QL70_ML2_.jpg
396,https://m.media-amazon.com/images/I/41lQan54SPL._SX300_SY300_QL70_ML2_.jpg
397,https://m.media-amazon.com/images/I/41MmsYTi06L._SX300_SY300_QL70_ML2_.jpg
398,https://m.media-amazon.com/images/I/31R6RP26dzL._SY300_SX300_QL70_ML2_.jpg
399,https://m.media-amazon.com/images/I/31wqydqbA9L._SX300_SY300_QL70_ML2_.jpg
400,https://m.media-amazon.com/images/I/413sCRKobNL._SX300_SY300_QL70_ML2_.jpg
401,https://m.media-amazon.com/images/I/31qVddHyy5L._SX300_SY300_QL70_ML2_.jpg
402,https://m.media-amazon.com/images/I/41iVkyHeTUL._SX300_SY300_QL70_ML2_.jpg
403,https://m.media-amazon.com/images/I/51vHAEYKeWL._SX300_SY300_QL70_ML2_.jpg
404,https://m.media-amazon.com/images/I/31wOPjcSxlL._SX300_SY300_QL70_ML2_.jpg
405,https://m.media-amazon.com/images/I/31iE517+NFL._SY300_SX300_.jpg
406,https://m.media-amazon.com/images/I/31Sx7+mu+vL._SY300_SX300_.jpg
407,https://m.media-amazon.com/images/I/41iEc0hf6TL._SX300_SY300_QL70_ML2_.jpg
408,https://m.media-amazon.com/images/I/41nf9n-v3pL._SX300_SY300_QL70_ML2_.jpg
409,https://m.media-amazon.com/images/I/41EnFjIAoaL._SX300_SY300_QL70_ML2_.jpg
410,https://m.media-amazon.com/images/I/41op1vdp-UL._SX300_SY300_QL70_ML2_.jpg
411,https://m.media-amazon.com/images/I/41pQ4gJMwEL._SX300_SY300_QL70_ML2_.jpg
412,https://m.media-amazon.com/images/I/419KF2t1nML._SX300_SY300_QL70_ML2_.jpg
413,https://m.media-amazon.com/images/I/41-oxsVh7nL._SX300_SY300_QL70_ML2_.jpg
414,https://m.media-amazon.com/images/I/21e5ZrIutKS._SX300_SY300_QL70_ML2_.jpg
415,https://m.media-amazon.com/images/I/41w5fk8Vl6L._SX300_SY300_QL70_ML2_.jpg
416,https://m.media-amazon.com/images/I/41qhEf58vbL._SX300_SY300_QL70_ML2_.jpg
417,https://m.media-amazon.com/images/I/31P2d7102lL._SY300_SX300_QL70_ML2_.jpg
418,https://m.media-amazon.com/images/I/31RktQKvhoL._SX300_SY300_QL70_ML2_.jpg
419,https://m.media-amazon.com/images/I/41jlwEZpa5L._SX300_SY300_QL70_ML2_.jpg
420,https://m.media-amazon.com/images/I/41Vj+8XWIQL._SY300_SX300_.jpg
421,https://m.media-amazon.com/images/I/41pfjyUPZLL._SX300_SY300_QL70_ML2_.jpg
422,https://m.media-amazon.com/images/I/41R9fDKo6iL._SX300_SY300_QL70_ML2_.jpg
423,https://m.media-amazon.com/images/I/31XO-wfGGGL._SX300_SY300_QL70_ML2_.jpg
424,https://m.media-amazon.com/images/I/31kj3q4SepL._SY445_SX342_QL70_ML2_.jpg
425,https://m.media-amazon.com/images/I/21df1gnW1SL._SX300_SY300_QL70_ML2_.jpg
426,https://m.media-amazon.com/images/I/413sCRKobNL._SX300_SY300_QL70_ML2_.jpg
427,https://m.media-amazon.com/images/I/511g3fIVsqL._SY300_SX300_QL70_ML2_.jpg
428,https://m.media-amazon.com/images/I/411yU+n3UkL._SY300_SX300_.jpg
429,https://m.media-amazon.com/images/I/31dJ+lXJq3L._SY300_SX300_.jpg
430,https://m.media-amazon.com/images/I/410TBgL2KXL._SX300_SY300_QL70_ML2_.jpg
431,https://m.media-amazon.com/images/I/41v82KfCUuL._SX300_SY300_QL70_ML2_.jpg
432,https://m.media-amazon.com/images/I/31MmkM8HTiL._SY300_SX300_QL70_ML2_.jpg
433,https://m.media-amazon.com/images/I/41fkuZKjGCL._SX300_SY300_QL70_ML2_.jpg
434,https://m.media-amazon.com/images/I/41z7FRqEerL._SX300_SY300_QL70_ML2_.jpg
435,https://m.media-amazon.com/images/I/41iVkyHeTUL._SX300_SY300_QL70_ML2_.jpg
436,https://m.media-amazon.com/images/I/41Yylo75u7L._SX300_SY300_QL70_ML2_.jpg
437,https://m.media-amazon.com/images/I/41iEZV6nKbL._SX300_SY300_QL70_ML2_.jpg
438,https://m.media-amazon.com/images/I/41OVH5kIQhL._SX300_SY300_QL70_ML2_.jpg
439,https://m.media-amazon.com/images/I/31mbyi7ocJL._SX300_SY300_QL70_ML2_.jpg
440,https://m.media-amazon.com/images/I/4147W6koDNL._SX300_SY300_QL70_ML2_.jpg
441,https://m.media-amazon.com/images/I/31YFSh7g63L._SX300_SY300_QL70_ML2_.jpg
442,https://m.media-amazon.com/images/I/41o7qy-j6KL._SX300_SY300_QL70_ML2_.jpg
443,https://m.media-amazon.com/images/I/41Lif4YWC2L._SX300_SY300_QL70_ML2_.jpg
444,https://m.media-amazon.com/images/I/41SDfuK7L2L._SX300_SY300_QL70_ML2_.jpg
445,https://m.media-amazon.com/images/I/31oA0-q5UzL._SX300_SY300_QL70_ML2_.jpg
446,https://m.media-amazon.com/images/I/41fNkwj-vnL._SX300_SY300_QL70_ML2_.jpg
447,https://m.media-amazon.com/images/I/41iHN9Y07cS._SX300_SY300_QL70_ML2_.jpg
448,https://m.media-amazon.com/images/I/41Usew0lrWL._SX300_SY300_QL70_ML2_.jpg
449,https://m.media-amazon.com/images/I/41XH-IpxCQL._SX300_SY300_QL70_ML2_.jpg
450,https://m.media-amazon.com/images/I/31-hWNXDxiL._SX300_SY300_QL70_ML2_.jpg
451,https://m.media-amazon.com/images/I/41XtHlbmOHL._SX300_SY300_QL70_ML2_.jpg
452,https://m.media-amazon.com/images/I/21Z1HsPvyTL._SX300_SY300_QL70_ML2_.jpg
453,https://m.media-amazon.com/images/I/41OBf52bnOL._SX300_SY300_QL70_ML2_.jpg
454,https://m.media-amazon.com/images/I/41OaM+9ZHXL._SY300_SX300_.jpg
455,https://m.media-amazon.com/images/I/31J6qGhAL9L._SX300_SY300_QL70_ML2_.jpg
456,https://m.media-amazon.com/images/I/41MOWVL2YNL._SX300_SY300_QL70_ML2_.jpg
457,https://m.media-amazon.com/images/I/41R08zLK69L._SX300_SY300_QL70_ML2_.jpg
458,https://m.media-amazon.com/images/I/41fjUA7leTL._SX300_SY300_QL70_ML2_.jpg
459,https://m.media-amazon.com/images/I/4141l8ZBWXL._SX300_SY300_QL70_ML2_.jpg
460,https://m.media-amazon.com/images/I/51EiPNlJDgL._SX300_SY300_QL70_ML2_.jpg
461,https://m.media-amazon.com/images/I/31jgUvSar0L._SX300_SY300_QL70_ML2_.jpg
462,https://m.media-amazon.com/images/I/31AGkV82sES._SX300_SY300_QL70_ML2_.jpg
463,https://m.media-amazon.com/images/I/41fXq5ZKACL._SX300_SY300_QL70_ML2_.jpg
464,https://m.media-amazon.com/images/I/41k-VlGbYnL._SX300_SY300_QL70_ML2_.jpg
465,https://m.media-amazon.com/images/I/31gaP7qpBNL._SX300_SY300_QL70_ML2_.jpg
466,https://m.media-amazon.com/images/I/41S7tnENirL._SX300_SY300_QL70_ML2_.jpg
467,https://m.media-amazon.com/images/I/31FzYVC62wL._SX300_SY300_QL70_ML2_.jpg
468,https://m.media-amazon.com/images/I/41TZJiPRRwL._SX300_SY300_QL70_ML2_.jpg
469,https://m.media-amazon.com/images/I/51R2kfyMW5L._SX300_SY300_QL70_ML2_.jpg
470,https://m.media-amazon.com/images/I/41kg-+XWoxL._SY300_SX300_.jpg
471,https://m.media-amazon.com/images/I/41d84o5-M-L._SY445_SX342_QL70_ML2_.jpg
472,https://m.media-amazon.com/images/I/41pQWwAzVyL._SY300_SX300_QL70_ML2_.jpg
473,https://m.media-amazon.com/images/I/41xwPQLxTML._SX300_SY300_QL70_ML2_.jpg
474,https://m.media-amazon.com/images/I/41P4Al+S3zL._SY300_SX300_.jpg
475,https://m.media-amazon.com/images/I/41ziJKWj9LL._SX300_SY300_QL70_ML2_.jpg
476,https://m.media-amazon.com/images/I/41cYSMom9TL._SX300_SY300_QL70_ML2_.jpg
477,https://m.media-amazon.com/images/I/31hDWwY8iWL._SX300_SY300_QL70_ML2_.jpg
478,https://m.media-amazon.com/images/I/41PNVbmQdfL._SX300_SY300_QL70_ML2_.jpg
479,https://m.media-amazon.com/images/I/31qGpf8uzuL._SY445_SX342_QL70_ML2_.jpg
480,https://m.media-amazon.com/images/I/31kLQHU5pdL._SX300_SY300_QL70_ML2_.jpg
481,https://m.media-amazon.com/images/I/31bKIZtFGWL._SX300_SY300_QL70_ML2_.jpg
482,https://m.media-amazon.com/images/I/413sCRKobNL._SX300_SY300_QL70_ML2_.jpg
483,https://m.media-amazon.com/images/I/3187gPkT6GL._SX300_SY300_QL70_ML2_.jpg
484,https://m.media-amazon.com/images/I/31H8AoDYAYL._SX300_SY300_QL70_ML2_.jpg
485,https://m.media-amazon.com/images/I/41vMaBVWDjL._SX300_SY300_QL70_ML2_.jpg
486,https://m.media-amazon.com/images/I/31SKRsp7Y1L._SX300_SY300_QL70_ML2_.jpg
487,https://m.media-amazon.com/images/I/31tWzHMz6vL._SY445_SX342_QL70_ML2_.jpg
488,https://m.media-amazon.com/images/I/4123OnLZCFL._SX300_SY300_QL70_ML2_.jpg
489,https://m.media-amazon.com/images/I/318Pgjl1wqL._SX300_SY300_QL70_ML2_.jpg
490,https://m.media-amazon.com/images/I/41Lif4YWC2L._SX300_SY300_QL70_ML2_.jpg
491,https://m.media-amazon.com/images/I/41gQbaGlXrL._SX300_SY300_QL70_ML2_.jpg
492,https://m.media-amazon.com/images/I/41lf0N5STAL._SX300_SY300_QL70_ML2_.jpg
493,https://m.media-amazon.com/images/I/41BDYVKRmWL._SX300_SY300_QL70_ML2_.jpg
494,https://m.media-amazon.com/images/I/31zFmy89TOL._SX300_SY300_QL70_ML2_.jpg
495,https://m.media-amazon.com/images/I/31UUEYNOmCL._SX300_SY300_QL70_ML2_.jpg
496,https://m.media-amazon.com/images/I/416+IXsM9lL._SY300_SX300_.jpg
497,https://m.media-amazon.com/images/I/41Bj3iYflTL._SX300_SY300_QL70_ML2_.jpg
498,https://m.media-amazon.com/images/I/41XUW74HLlL._SX300_SY300_QL70_ML2_.jpg
499,https://m.media-amazon.com/images/I/41jna+YGP+L._SY300_SX300_.jpg
500,https://m.media-amazon.com/images/I/41iec5VPMlL._SX300_SY300_QL70_ML2_.jpg
501,https://m.media-amazon.com/images/I/41XtHlbmOHL._SX300_SY300_QL70_ML2_.jpg
502,https://m.media-amazon.com/images/I/4121yWSVFmL._SX300_SY300_QL70_ML2_.jpg
503,https://m.media-amazon.com/images/I/41u0PC4NajL._SX300_SY300_QL70_ML2_.jpg
504,https://m.media-amazon.com/images/I/41jk4zYjTsL._SX300_SY300_QL70_ML2_.jpg
505,https://m.media-amazon.com/images/I/4177nw8okbL._SX300_SY300_QL70_ML2_.jpg
506,https://m.media-amazon.com/images/I/41kwROGAMEL._SX300_SY300_QL70_ML2_.jpg
507,https://m.media-amazon.com/images/I/41GXZy6dLIL._SX300_SY300_QL70_ML2_.jpg
508,https://m.media-amazon.com/images/I/41g54hBpHkL._SY300_SX300_QL70_ML2_.jpg
509,https://m.media-amazon.com/images/I/41vjHoqVHJL._SX300_SY300_QL70_ML2_.jpg
510,https://m.media-amazon.com/images/I/411yU+n3UkL._SY300_SX300_.jpg
511,https://m.media-amazon.com/images/I/41zs4v3adaL._SX300_SY300_QL70_ML2_.jpg
512,https://m.media-amazon.com/images/I/417k0DCw0GL._SX300_SY300_QL70_ML2_.jpg
513,https://m.media-amazon.com/images/I/41OEfM3qYLL._SX300_SY300_QL70_ML2_.jpg
514,https://m.media-amazon.com/images/I/31OgHTags6L._SX300_SY300_QL70_ML2_.jpg
515,https://m.media-amazon.com/images/I/31ew3okQR2L._SX300_SY300_QL70_ML2_.jpg
516,https://m.media-amazon.com/images/I/41DgrxyBPTL._SX300_SY300_QL70_ML2_.jpg
517,https://m.media-amazon.com/images/I/412DrCgktiL._SX300_SY300_QL70_ML2_.jpg
518,https://m.media-amazon.com/images/I/41-IPkI1Y5L._SX300_SY300_QL70_ML2_.jpg
519,https://m.media-amazon.com/images/I/3183iGEWksL._SX300_SY300_QL70_ML2_.jpg
520,https://m.media-amazon.com/images/I/31efS1bi1vL._SX300_SY300_QL70_ML2_.jpg
521,https://m.media-amazon.com/images/I/318wXJER9zL._SX300_SY300_QL70_ML2_.jpg
522,https://m.media-amazon.com/images/I/41R0DrIbTNL._SX300_SY300_QL70_ML2_.jpg
523,https://m.media-amazon.com/images/I/412VyMavsJL._SX300_SY300_QL70_ML2_.jpg
524,https://m.media-amazon.com/images/I/31+GLbqRPtL._SY300_SX300_.jpg
525,https://m.media-amazon.com/images/I/31xJT-3ZAkL._SX300_SY300_QL70_ML2_.jpg
526,https://m.media-amazon.com/images/I/41LDspRanIL._SX300_SY300_QL70_ML2_.jpg
527,https://m.media-amazon.com/images/I/31LVAoe3VNL._SX300_SY300_QL70_ML2_.jpg
528,https://m.media-amazon.com/images/I/41bFp+Wev+L._SY300_SX300_.jpg
529,https://m.media-amazon.com/images/I/51WJbMPuROL._SX300_SY300_QL70_ML2_.jpg
530,https://m.media-amazon.com/images/I/416n3nd4MhL._SY300_SX300_QL70_ML2_.jpg
531,https://m.media-amazon.com/images/I/41KVdXIcg0L._SX300_SY300_QL70_ML2_.jpg
532,https://m.media-amazon.com/images/I/312X0wyfvmL._SX300_SY300_QL70_ML2_.jpg
533,https://m.media-amazon.com/images/I/41sJ50FH9OL._SX300_SY300_QL70_ML2_.jpg
534,https://m.media-amazon.com/images/I/413c3ZnFLxL._SX300_SY300_QL70_ML2_.jpg
535,https://m.media-amazon.com/images/I/41fMEQ-GoHL._SX300_SY300_QL70_ML2_.jpg
536,https://m.media-amazon.com/images/I/41AGCk95dpL._SX300_SY300_QL70_ML2_.jpg
537,https://m.media-amazon.com/images/I/41zejggGzLL._SX300_SY300_QL70_ML2_.jpg
538,https://m.media-amazon.com/images/I/41ML8ZbPiiL._SY300_SX300_QL70_ML2_.jpg
539,https://m.media-amazon.com/images/I/21rFBH5Lf2L._SX300_SY300_QL70_ML2_.jpg
540,https://m.media-amazon.com/images/I/41PeQz-jDSL._SX300_SY300_QL70_ML2_.jpg
541,https://m.media-amazon.com/images/I/31kw1RgU5yL._SX300_SY300_QL70_ML2_.jpg
542,https://m.media-amazon.com/images/I/41tRgeQp9-L._SX300_SY300_QL70_ML2_.jpg
543,https://m.media-amazon.com/images/I/4155YhLwDiL._SX300_SY300_QL70_ML2_.jpg
544,https://m.media-amazon.com/images/I/418vxJS4AML._SX300_SY300_QL70_ML2_.jpg
545,https://m.media-amazon.com/images/I/41UwKwpK40L._SX300_SY300_QL70_ML2_.jpg
546,https://m.media-amazon.com/images/I/41lnTFZGz9L._SX300_SY300_QL70_ML2_.jpg
547,https://m.media-amazon.com/images/I/41UhF7l9I4L._SX300_SY300_QL70_ML2_.jpg
548,https://m.media-amazon.com/images/I/21yMfxVmNuL._SX300_SY300_QL70_ML2_.jpg
549,https://m.media-amazon.com/images/I/411fc62wnpL._SX300_SY300_QL70_ML2_.jpg
550,https://m.media-amazon.com/images/I/41YwW+O-SKL._SY300_SX300_.jpg
551,https://m.media-amazon.com/images/I/31M4nb0+JKL._SY300_SX300_.jpg
552,https://m.media-amazon.com/images/I/31S1zpNb8bL._SX300_SY300_QL70_ML2_.jpg
553,https://m.media-amazon.com/images/I/41jmiwgyu8L._SX300_SY300_QL70_ML2_.jpg
554,https://m.media-amazon.com/images/I/41wlZ0cZChL._SX300_SY300_QL70_ML2_.jpg
555,https://m.media-amazon.com/images/I/4121yWSVFmL._SX300_SY300_QL70_ML2_.jpg
556,https://m.media-amazon.com/images/I/51JrMWMAmnL._SX300_SY300_QL70_ML2_.jpg
557,https://m.media-amazon.com/images/I/31gNcDrEskL._SX300_SY300_QL70_ML2_.jpg
558,https://m.media-amazon.com/images/I/41WYWN1pdvL._SX300_SY300_QL70_ML2_.jpg
559,https://m.media-amazon.com/images/I/31Hb9RGI+jL._SY300_SX300_.jpg
560,https://m.media-amazon.com/images/I/41GwFR981CL._SX300_SY300_QL70_ML2_.jpg
561,https://m.media-amazon.com/images/I/41ynwpRq+kL._SY300_SX300_.jpg
562,https://m.media-amazon.com/images/I/41XaIckgKIL._SX300_SY300_QL70_ML2_.jpg
563,https://m.media-amazon.com/images/I/31-BRsjrvDL._SY300_SX300_QL70_ML2_.jpg
564,https://m.media-amazon.com/images/I/51xaoGdw9EL._SX300_SY300_QL70_ML2_.jpg
565,https://m.media-amazon.com/images/I/41gFqSHngyL._SX300_SY300_QL70_ML2_.jpg
566,https://m.media-amazon.com/images/I/31Iuz7jlfqL._SX300_SY300_QL70_ML2_.jpg
567,https://m.media-amazon.com/images/I/41i7LM0pGwL._SX300_SY300_QL70_ML2_.jpg
568,https://m.media-amazon.com/images/I/516BHYFQ3JL._SX300_SY300_QL70_ML2_.jpg
569,https://m.media-amazon.com/images/I/41ezRvTwcaL._SX300_SY300_QL70_ML2_.jpg
570,https://m.media-amazon.com/images/I/31x3IUfMneL._SX300_SY300_QL70_ML2_.jpg
571,https://m.media-amazon.com/images/I/31l-eZHBfKL._SX300_SY300_QL70_ML2_.jpg
572,https://m.media-amazon.com/images/I/41fDM4QUfvL._SX300_SY300_QL70_ML2_.jpg
573,https://m.media-amazon.com/images/I/41hI-UvnhFL._SX300_SY300_QL70_ML2_.jpg
574,https://m.media-amazon.com/images/I/412dSHwBHGL._SX300_SY300_QL70_ML2_.jpg
575,https://m.media-amazon.com/images/I/41dtbrNRHdL._SX300_SY300_QL70_ML2_.jpg
576,https://m.media-amazon.com/images/I/31poWDDorOL._SY300_SX300_QL70_ML2_.jpg
577,https://m.media-amazon.com/images/I/41vCOAeGvSL._SX300_SY300_QL70_ML2_.jpg
578,https://m.media-amazon.com/images/I/31zYqHExOPS._SX300_SY300_QL70_ML2_.jpg
579,https://m.media-amazon.com/images/I/31yQB88r8kL._SX300_SY300_QL70_ML2_.jpg
580,https://m.media-amazon.com/images/I/41vQwUamFcL._SX300_SY300_QL70_ML2_.jpg
581,https://m.media-amazon.com/images/I/41pmcRIe45L._SX300_SY300_QL70_ML2_.jpg
582,https://m.media-amazon.com/images/I/41Ims-JX0kL._SX300_SY300_QL70_ML2_.jpg
583,https://m.media-amazon.com/images/I/4111qlSCaKL._SY300_SX300_QL70_ML2_.jpg
584,https://m.media-amazon.com/images/I/217Lv1D3bHL._SX300_SY300_QL70_ML2_.jpg
585,https://m.media-amazon.com/images/I/31IdiM9ZM8L._SX300_SY300_QL70_FMwebp_.jpg
586,https://m.media-amazon.com/images/I/31GUbeFG3FL._SX300_SY300_QL70_FMwebp_.jpg
587,https://m.media-amazon.com/images/I/41sHRWXCfvL._SX300_SY300_QL70_FMwebp_.jpg
588,https://m.media-amazon.com/images/I/41d69zua5LL._SX300_SY300_QL70_FMwebp_.jpg
589,https://m.media-amazon.com/images/I/310mw9KTJvL._SY300_SX300_QL70_FMwebp_.jpg
591,https://m.media-amazon.com/images/I/51YTmlApiXL._SX300_SY300_QL70_FMwebp_.jpg
592,https://m.media-amazon.com/images/I/31KjuRb9oNL._SX300_SY300_QL70_FMwebp_.jpg
593,https://m.media-amazon.com/images/I/41EbxurQIDL._SX300_SY300_QL70_FMwebp_.jpg
594,https://m.media-amazon.com/images/I/41ML8ZbPiiL._SY300_SX300_QL70_FMwebp_.jpg
597,https://m.media-amazon.com/images/I/51aYKwgu-GL._SX300_SY300_QL70_FMwebp_.jpg
602,https://m.media-amazon.com/images/I/31rmf+p45oL._SY300_SX300_.jpg
605,https://m.media-amazon.com/images/I/31febYa30qL._SX300_SY300_QL70_FMwebp_.jpg
606,https://m.media-amazon.com/images/I/31plkeAvAQL._SX300_SY300_QL70_FMwebp_.jpg
610,https://m.media-amazon.com/images/I/31DbAD6EoCL._SX300_SY300_QL70_FMwebp_.jpg
612,https://m.media-amazon.com/images/I/41Mce3f9faL._SX300_SY300_QL70_FMwebp_.jpg
613,https://m.media-amazon.com/images/I/31z5b7RYc2L._SX300_SY300_QL70_FMwebp_.jpg
616,https://m.media-amazon.com/images/I/31RiDkNjpjS._SX300_SY300_QL70_FMwebp_.jpg
617,https://m.media-amazon.com/images/I/41r1d8a2WGL._SX300_SY300_QL70_FMwebp_.jpg
618,https://m.media-amazon.com/images/I/41dNRo8Hu8L._SX300_SY300_QL70_FMwebp_.jpg
622,https://m.media-amazon.com/images/I/413x7j3Z30L._SX300_SY300_QL70_FMwebp_.jpg
623,https://m.media-amazon.com/images/I/41igriVLabS._SX300_SY300_QL70_FMwebp_.jpg
625,https://m.media-amazon.com/images/I/31HWJqJdtjL._SX300_SY300_QL70_FMwebp_.jpg
626,https://m.media-amazon.com/images/W/WEBP_402378-T1/images/I/41V5FtEWPkL._SX300_SY300_QL70_FMwebp_.jpg
627,https://m.media-amazon.com/images/I/41UUBwBt05S._SX300_SY300_QL70_FMwebp_.jpg
628,https://m.media-amazon.com/images/I/41Fm0YcrDqL._SX300_SY300_QL70_FMwebp_.jpg
629,https://m.media-amazon.com/images/I/31Hjf7KD75L._SY300_SX300_.jpg
630,https://m.media-amazon.com/images/I/31VzNhhqifL._SX300_SY300_QL70_FMwebp_.jpg
631,https://m.media-amazon.com/images/I/317KlchuxeL._SY300_SX300_QL70_FMwebp_.jpg
633,https://m.media-amazon.com/images/I/41MmsYTi06L._SX300_SY300_QL70_FMwebp_.jpg
634,https://m.media-amazon.com/images/I/31gzRr9mIaS._SX300_SY300_QL70_FMwebp_.jpg
635,https://m.media-amazon.com/images/I/312J9hg8ypL._SX300_SY300_QL70_FMwebp_.jpg
638,https://m.media-amazon.com/images/I/31R6RP26dzL._SY300_SX300_QL70_FMwebp_.jpg
639,https://m.media-amazon.com/images/I/31wOPjcSxlL._SX300_SY300_QL70_FMwebp_.jpg
641,https://m.media-amazon.com/images/I/41nf9n-v3pL._SX300_SY300_QL70_FMwebp_.jpg
642,https://m.media-amazon.com/images/I/51YPXDh78VL._SX300_SY300_QL70_FMwebp_.jpg
643,https://m.media-amazon.com/images/I/31YFd-LQ8rL._SY300_SX300_QL70_FMwebp_.jpg
644,https://m.media-amazon.com/images/I/31-1GGUrjUL._SX300_SY300_QL70_FMwebp_.jpg
645,https://m.media-amazon.com/images/I/31959YGwwiL._SX300_SY300_QL70_FMwebp_.jpg
646,https://m.media-amazon.com/images/I/41vEB+mY55L._SY300_SX300_.jpg
650,https://m.media-amazon.com/images/I/31KpmfiYmeL._SX300_SY300_QL70_FMwebp_.jpg
652,https://m.media-amazon.com/images/I/31nI3BzOXwL._SX300_SY300_QL70_FMwebp_.jpg
655,https://m.media-amazon.com/images/I/412CjF5u2iL._SX300_SY300_QL70_FMwebp_.jpg
656,https://m.media-amazon.com/images/I/21psCtgM5BL._SX300_SY300_QL70_FMwebp_.jpg
658,https://m.media-amazon.com/images/I/41VDUqScJFL._SX300_SY300_QL70_FMwebp_.jpg
660,https://m.media-amazon.com/images/I/31Rn5CAJDBL._SX300_SY300_QL70_FMwebp_.jpg
661,https://m.media-amazon.com/images/I/51JF5xTgNhL._SX300_SY300_QL70_FMwebp_.jpg
662,https://m.media-amazon.com/images/I/41XQP3N-SdL._SX300_SY300_QL70_FMwebp_.jpg
663,https://m.media-amazon.com/images/I/31XO-wfGGGL._SX300_SY300_QL70_FMwebp_.jpg
664,https://m.media-amazon.com/images/I/31vS-1ot-HL._SX300_SY300_QL70_FMwebp_.jpg
668,https://m.media-amazon.com/images/W/WEBP_402378-T2/images/I/31dJ+lXJq3L._SY300_SX300_.jpg
670,https://m.media-amazon.com/images/I/51EJirBX6bL._SY300_SX300_QL70_FMwebp_.jpg
672,https://m.media-amazon.com/images/I/41pfjyUPZLL._SX300_SY300_QL70_FMwebp_.jpg
675,https://m.media-amazon.com/images/I/41AP5QV2M0L._SX300_SY300_QL70_FMwebp_.jpg
676,https://m.media-amazon.com/images/I/41y181oD7ZL._SX300_SY300_QL70_FMwebp_.jpg
677,https://m.media-amazon.com/images/I/319cuUVHCwL._SY300_SX300_QL70_FMwebp_.jpg
678,https://m.media-amazon.com/images/I/31ROHZJMEUL._SX300_SY300_QL70_FMwebp_.jpg
679,https://m.media-amazon.com/images/I/41nPYaWA+ML._SY300_SX300_.jpg
680,https://m.media-amazon.com/images/I/41z7FRqEerL._SX300_SY300_QL70_FMwebp_.jpg
681,https://m.media-amazon.com/images/I/21ci6bwxtdL._SX300_SY300_QL70_FMwebp_.jpg
682,https://m.media-amazon.com/images/I/51pZRhR1wWL._SX300_SY300_QL70_FMwebp_.jpg
683,https://m.media-amazon.com/images/I/31J6qGhAL9L._SX300_SY300_QL70_FMwebp_.jpg
684,https://m.media-amazon.com/images/I/314g1W9h2rL._SX300_SY300_QL70_FMwebp_.jpg
690,https://m.media-amazon.com/images/I/4152kKO7W8L._SY300_SX300_QL70_FMwebp_.jpg
692,https://m.media-amazon.com/images/I/41NJeh+qQRL._SY300_SX300_.jpg
693,https://m.media-amazon.com/images/I/31gaP7qpBNL._SX300_SY300_QL70_FMwebp_.jpg
694,https://m.media-amazon.com/images/I/41TZJiPRRwL._SX300_SY300_QL70_FMwebp_.jpg
696,https://m.media-amazon.com/images/I/51fEftU7HAL._SX300_SY300_QL70_FMwebp_.jpg
697,https://m.media-amazon.com/images/I/41ziJKWj9LL._SX300_SY300_QL70_FMwebp_.jpg
698,https://m.media-amazon.com/images/I/31CuxaU77jL._SY300_SX300_QL70_FMwebp_.jpg
699,https://m.media-amazon.com/images/I/31YW3+kpZQL._SY300_SX300_.jpg
701,https://m.media-amazon.com/images/I/31z+0UyRo2L._SY300_SX300_.jpg
703,https://m.media-amazon.com/images/I/413phG1P5UL._SX300_SY300_QL70_FMwebp_.jpg
704,https://m.media-amazon.com/images/I/41fRp5O-PrL._SX300_SY300_QL70_FMwebp_.jpg
705,https://m.media-amazon.com/images/I/41goRo3UXhL._SX300_SY300_QL70_FMwebp_.jpg
706,https://m.media-amazon.com/images/I/31jgUvSar0L._SX300_SY300_QL70_FMwebp_.jpg
708,https://m.media-amazon.com/images/I/3164hjUSFdL._SX300_SY300_QL70_FMwebp_.jpg
709,https://m.media-amazon.com/images/I/3118CXMdMUL._SX300_SY300_QL70_FMwebp_.jpg
711,https://m.media-amazon.com/images/I/41sAt4BZydL._SX300_SY300_QL70_FMwebp_.jpg
712,https://m.media-amazon.com/images/I/31pcbVy11RL._SX300_SY300_QL70_FMwebp_.jpg
714,https://m.media-amazon.com/images/I/418YrbHVLCL._SX300_SY300_QL70_FMwebp_.jpg
715,https://m.media-amazon.com/images/I/31MIyzg8uzL._SX300_SY300_QL70_FMwebp_.jpg
716,https://m.media-amazon.com/images/I/51q3+E64azL._SX300_SY300_.jpg
717,https://m.media-amazon.com/images/I/31iFF1KbkpL._SX300_SY300_QL70_FMwebp_.jpg
719,https://m.media-amazon.com/images/I/31qGpf8uzuL._SY445_SX342_QL70_FMwebp_.jpg
722,https://m.media-amazon.com/images/I/51RTfgkScMS._SX300_SY300_QL70_FMwebp_.jpg
723,https://m.media-amazon.com/images/I/41da4tk7N+L._SY300_SX300_.jpg
724,https://m.media-amazon.com/images/I/41cOH84GhGL._SX300_SY300_QL70_FMwebp_.jpg
726,https://m.media-amazon.com/images/I/31CtVvtFt+L._SY300_SX300_.jpg
727,https://m.media-amazon.com/images/I/31SKRsp7Y1L._SX300_SY300_QL70_FMwebp_.jpg
729,https://m.media-amazon.com/images/I/41tLaG2nSpL._SX300_SY300_QL70_FMwebp_.jpg
732,https://m.media-amazon.com/images/I/315g5ipEPAL._SY300_SX300_QL70_FMwebp_.jpg
735,https://m.media-amazon.com/images/I/31oMWLNvoVS._SY300_SX300_QL70_FMwebp_.jpg
738,https://m.media-amazon.com/images/I/31luFfya0kL._SX300_SY300_QL70_FMwebp_.jpg
739,https://m.media-amazon.com/images/I/41U9-x0JGPL._SX300_SY300_QL70_FMwebp_.jpg
742,https://m.media-amazon.com/images/I/41O4rjSlneL._SY300_SX300_QL70_FMwebp_.jpg
743,https://m.media-amazon.com/images/I/21qdAZyu9xL._SX300_SY300_QL70_FMwebp_.jpg
744,https://m.media-amazon.com/images/I/41Qf-pUQr9L._SX300_SY300_QL70_FMwebp_.jpg
745,https://m.media-amazon.com/images/I/41GogihEYeL._SX300_SY300_QL70_FMwebp_.jpg
746,https://m.media-amazon.com/images/I/31R4HANvX2L._SY300_SX300_QL70_FMwebp_.jpg
748,https://m.media-amazon.com/images/I/51r+g8fFJsL._SX300_SY300_.jpg
750,https://m.media-amazon.com/images/I/3101FmUqUOL._SX300_SY300_QL70_FMwebp_.jpg
753,https://m.media-amazon.com/images/I/315HWKLDHlL._SY300_SX300_QL70_FMwebp_.jpg
754,https://m.media-amazon.com/images/W/WEBP_402378-T2/images/I/416+IXsM9lL._SY300_SX300_.jpg
756,https://m.media-amazon.com/images/I/41GeM83DzzL._SX300_SY300_QL70_FMwebp_.jpg
758,https://m.media-amazon.com/images/I/31BWFhkXiPL._SX300_SY300_QL70_FMwebp_.jpg
759,https://m.media-amazon.com/images/I/41jk4zYjTsL._SX300_SY300_QL70_FMwebp_.jpg
760,https://m.media-amazon.com/images/I/41T3Z43M4yL._SX300_SY300_QL70_FMwebp_.jpg
761,https://m.media-amazon.com/images/I/41sEmULXfAL._SX300_SY300_QL70_FMwebp_.jpg
762,https://m.media-amazon.com/images/I/21VBjRnsH6L._SX300_SY300_QL70_FMwebp_.jpg
763,https://m.media-amazon.com/images/I/31+Rg6Z46dL._SX300_SY300_.jpg
766,https://m.media-amazon.com/images/I/31BXpfrkEWL._SX300_SY300_QL70_FMwebp_.jpg
768,https://m.media-amazon.com/images/I/411H6yi-tGL._SX300_SY300_QL70_FMwebp_.jpg
770,https://m.media-amazon.com/images/I/318Gp3pIqXL._SX300_SY300_QL70_FMwebp_.jpg
771,https://m.media-amazon.com/images/I/4177nw8okbL._SX300_SY300_QL70_FMwebp_.jpg
772,https://m.media-amazon.com/images/I/31oumlyiGiL._SX300_SY300_QL70_FMwebp_.jpg
774,https://m.media-amazon.com/images/I/41+d7HRWPwL._SY300_SX300_.jpg
776,https://m.media-amazon.com/images/I/31RlOXIcTYL._SX300_SY300_QL70_FMwebp_.jpg
782,https://m.media-amazon.com/images/I/41GogihEYeL._SX300_SY300_QL70_FMwebp_.jpg
784,https://m.media-amazon.com/images/I/31ZJqJC4frL._SX300_SY300_QL70_FMwebp_.jpg
789,https://m.media-amazon.com/images/I/41rfSd9spqL._SX300_SY300_QL70_FMwebp_.jpg
791,https://m.media-amazon.com/images/I/31NR4qCjJyL._SX300_SY300_QL70_FMwebp_.jpg
793,https://m.media-amazon.com/images/I/31foPNxmwsL._SX300_SY300_QL70_FMwebp_.jpg
795,https://m.media-amazon.com/images/I/31gZM-XkOtL._SX300_SY300_QL70_FMwebp_.jpg
797,https://m.media-amazon.com/images/I/41BWhztt6EL._SX300_SY300_QL70_FMwebp_.jpg
799,https://m.media-amazon.com/images/I/518mUXLlFZS._SX300_SY300_QL70_FMwebp_.jpg
801,https://m.media-amazon.com/images/I/31YZ2ZYT66L._SX300_SY300_QL70_FMwebp_.jpg
804,https://m.media-amazon.com/images/I/41hzQslWQlL._SX300_SY300_QL70_FMwebp_.jpg
805,https://m.media-amazon.com/images/W/WEBP_402378-T2/images/I/419QKVTxaSL._SX300_SY300_QL70_FMwebp_.jpg
810,https://m.media-amazon.com/images/I/41nub-26HfL._SX300_SY300_QL70_FMwebp_.jpg
813,https://m.media-amazon.com/images/I/51jNo4QNTNL._SY445_SX342_QL70_FMwebp_.jpg
814,https://m.media-amazon.com/images/I/11ICusapw3L._SY300_SX300_QL70_FMwebp_.jpg
816,https://m.media-amazon.com/images/I/41PBiq0KGUL._SX300_SY300_QL70_FMwebp_.jpg
817,https://m.media-amazon.com/images/I/41wN7jooz0L._SX300_SY300_QL70_FMwebp_.jpg
818,https://m.media-amazon.com/images/I/41tcZ6fcJML._SX300_SY300_QL70_FMwebp_.jpg
820,https://m.media-amazon.com/images/W/WEBP_402378-T2/images/I/3183iGEWksL._SX300_SY300_QL70_FMwebp_.jpg
821,https://m.media-amazon.com/images/I/41P2EdQI1ZL._SY445_SX342_QL70_FMwebp_.jpg
822,https://m.media-amazon.com/images/I/41Cdc4mU7RL._SX300_SY300_QL70_FMwebp_.jpg
826,https://m.media-amazon.com/images/I/214VmJYxx9L._SX300_SY300_QL70_FMwebp_.jpg
827,https://m.media-amazon.com/images/I/51ucu0nCeSL._SX300_SY300_QL70_FMwebp_.jpg
830,https://m.media-amazon.com/images/I/41v5BQZzfAL._SX300_SY300_QL70_FMwebp_.jpg
831,https://m.media-amazon.com/images/I/4101vlzySzL._SY300_SX300_QL70_FMwebp_.jpg
832,https://m.media-amazon.com/images/I/31DstM4dQ8L._SX300_SY300_QL70_FMwebp_.jpg
833,https://m.media-amazon.com/images/I/31aJNyKmGHL._SX300_SY300_QL70_FMwebp_.jpg
843,https://m.media-amazon.com/images/I/31fORCrbSJL._SX300_SY300_QL70_FMwebp_.jpg
845,https://m.media-amazon.com/images/I/31EHCPHbSlL._SX300_SY300_QL70_FMwebp_.jpg
846,https://m.media-amazon.com/images/I/51tBwj7I8GL._SX300_SY300_QL70_FMwebp_.jpg
848,https://m.media-amazon.com/images/I/21o8KsIQqRL._SY300_SX300_QL70_FMwebp_.jpg
849,https://m.media-amazon.com/images/I/31df-HkJJ7L._SX300_SY300_QL70_FMwebp_.jpg
854,https://m.media-amazon.com/images/I/31lF-FdlrHL._SX300_SY300_QL70_FMwebp_.jpg
855,https://m.media-amazon.com/images/I/31yI+SWuRzL._SY300_SX300_.jpg
856,https://m.media-amazon.com/images/W/WEBP_402378-T2/images/I/31+NwZ8gb1L._SX300_SY300_.jpg
857,https://m.media-amazon.com/images/I/41i35PCzzaL._SX300_SY300_QL70_FMwebp_.jpg
858,https://m.media-amazon.com/images/I/41-U6BdQrcL._SX300_SY300_QL70_FMwebp_.jpg
863,https://m.media-amazon.com/images/I/41bX3o-ZHqL._SX300_SY300_QL70_FMwebp_.jpg
864,https://m.media-amazon.com/images/I/51seYZqgz5L._SX300_SY300_QL70_FMwebp_.jpg
867,https://m.media-amazon.com/images/I/216Q4FqmZVL._SX300_SY300_QL70_FMwebp_.jpg
868,https://m.media-amazon.com/images/I/414zbaw52sL._SX300_SY300_QL70_FMwebp_.jpg
870,https://m.media-amazon.com/images/W/WEBP_402378-T2/images/I/31kw1RgU5yL._SX300_SY300_QL70_FMwebp_.jpg
871,https://m.media-amazon.com/images/I/31c2Mxy32-L._SX300_SY300_QL70_FMwebp_.jpg
873,https://m.media-amazon.com/images/I/31Oj5BsHwdL._SX300_SY300_QL70_FMwebp_.jpg
874,https://m.media-amazon.com/images/I/31R3Qf2nO0L._SX300_SY300_QL70_FMwebp_.jpg
875,https://m.media-amazon.com/images/I/419w6FnCr2L._SX300_SY300_QL70_FMwebp_.jpg
877,https://m.media-amazon.com/images/I/31eE6slx4EL._SX300_SY300_QL70_FMwebp_.jpg
878,https://m.media-amazon.com/images/I/41nRBNNDnNL._SX300_SY300_QL70_FMwebp_.jpg
879,https://m.media-amazon.com/images/I/41rbKciLrcL._SX300_SY300_QL70_FMwebp_.jpg
880,https://m.media-amazon.com/images/I/41fuAckaI7L._SX300_SY300_QL70_FMwebp_.jpg
881,https://m.media-amazon.com/images/I/41YBVJ+UTxL._SY300_SX300_.jpg
882,https://m.media-amazon.com/images/I/31flGUWUY9L._SX300_SY300_QL70_FMwebp_.jpg
885,https://m.media-amazon.com/images/I/317cwpkk1-L._SX300_SY300_QL70_FMwebp_.jpg
887,https://m.media-amazon.com/images/I/31IO--RzGbL._SX300_SY300_QL70_FMwebp_.jpg
888,https://m.media-amazon.com/images/I/51VIQVc-6XL._SX300_SY300_QL70_FMwebp_.jpg
892,https://m.media-amazon.com/images/I/417vDmMtbpL._SY300_SX300_QL70_FMwebp_.jpg
895,https://m.media-amazon.com/images/I/4148+QSBxXL._SY300_SX300_.jpg
897,https://m.media-amazon.com/images/I/31pQZsxPR4L._SX300_SY300_QL70_FMwebp_.jpg
899,https://m.media-amazon.com/images/I/41ZCYvl4noL._SX300_SY300_QL70_FMwebp_.jpg
901,https://m.media-amazon.com/images/I/41QsvdbthFL._SX300_SY300_QL70_FMwebp_.jpg
904,https://m.media-amazon.com/images/I/41Iln5A+8HL._SY300_SX300_.jpg
905,https://m.media-amazon.com/images/I/41cUmIYRfVL._SX300_SY300_QL70_FMwebp_.jpg
906,https://m.media-amazon.com/images/I/21uJX5AqizL._SX300_SY300_QL70_FMwebp_.jpg
907,https://m.media-amazon.com/images/I/310WOJIrwjL._SX300_SY300_QL70_FMwebp_.jpg
910,https://m.media-amazon.com/images/I/512ah5e1LsL._SY300_SX300_QL70_FMwebp_.jpg
915,https://m.media-amazon.com/images/I/41oLMkm5cfL._SY300_SX300_QL70_FMwebp_.jpg
916,https://m.media-amazon.com/images/I/51JATaEt6XL._SY300_SX300_QL70_FMwebp_.jpg
917,https://m.media-amazon.com/images/I/31ouSkwWDmL._SX300_SY300_QL70_FMwebp_.jpg
918,https://m.media-amazon.com/images/I/31rWKVEYZOL._SX300_SY300_QL70_FMwebp_.jpg
919,https://m.media-amazon.com/images/I/41611VFTGwL._SY300_SX300_QL70_FMwebp_.jpg
921,https://m.media-amazon.com/images/I/41VDUqScJFL._SX300_SY300_QL70_FMwebp_.jpg
924,https://m.media-amazon.com/images/I/31gNcDrEskL._SX300_SY300_QL70_FMwebp_.jpg
926,https://m.media-amazon.com/images/I/51fYe0OSURL._SX300_SY300_QL70_FMwebp_.jpg
928,https://m.media-amazon.com/images/I/31EDDF4uNtL._SX300_SY300_QL70_FMwebp_.jpg
931,https://m.media-amazon.com/images/I/41EIVJvXxsL._SX300_SY300_QL70_FMwebp_.jpg
932,https://m.media-amazon.com/images/I/31ejgWaEayL._SY300_SX300_QL70_FMwebp_.jpg
933,https://m.media-amazon.com/images/I/41x3iKbD-+L._SX342_SY445_.jpg
936,https://m.media-amazon.com/images/I/31Wm6eo+yYL._SY300_SX300_.jpg
937,https://m.media-amazon.com/images/I/31Yg8KP64NL._SX300_SY300_QL70_FMwebp_.jpg
939,https://m.media-amazon.com/images/I/31s6OZfTO2L._SX300_SY300_QL70_FMwebp_.jpg
940,https://m.media-amazon.com/images/I/31jUKdJdjHL._SX300_SY300_QL70_FMwebp_.jpg
943,https://m.media-amazon.com/images/W/WEBP_402378-T1/images/I/41gztmbiIgL._SX300_SY300_QL70_FMwebp_.jpg
944,https://m.media-amazon.com/images/I/41No9BR7P0L._SX300_SY300_QL70_FMwebp_.jpg
945,https://m.media-amazon.com/images/I/41Msi1CS2WL._SX300_SY300_QL70_FMwebp_.jpg
946,https://m.media-amazon.com/images/I/41gFqSHngyL._SX300_SY300_QL70_FMwebp_.jpg
947,https://m.media-amazon.com/images/I/41jlh3c7UbL._SX300_SY300_QL70_FMwebp_.jpg
948,https://m.media-amazon.com/images/I/31mYeD0VSTL._SX300_SY300_QL70_FMwebp_.jpg
949,https://m.media-amazon.com/images/I/41p7lk3nj6L._SX300_SY300_QL70_FMwebp_.jpg
950,https://m.media-amazon.com/images/I/51m3+9D6ZwL._SY300_SX300_.jpg
951,https://m.media-amazon.com/images/I/41QtHHI0rXL._SX300_SY300_QL70_FMwebp_.jpg
952,https://m.media-amazon.com/images/W/WEBP_402378-T2/images/I/31x3IUfMneL._SX300_SY300_QL70_FMwebp_.jpg
953,https://m.media-amazon.com/images/I/21N0SU36xXL._SX300_SY300_QL70_FMwebp_.jpg
954,https://m.media-amazon.com/images/I/31l-eZHBfKL._SX300_SY300_QL70_FMwebp_.jpg
955,https://m.media-amazon.com/images/I/41n3-joTUHL._SX300_SY300_QL70_FMwebp_.jpg
956,https://m.media-amazon.com/images/I/41LWT2NmHXL._SX300_SY300_QL70_FMwebp_.jpg
959,https://m.media-amazon.com/images/I/31aoDL5YfNL._SX300_SY300_QL70_FMwebp_.jpg
960,https://m.media-amazon.com/images/I/51J45DcgktL._SX300_SY300_QL70_FMwebp_.jpg
961,https://m.media-amazon.com/images/I/41KmCJuybRL._SX300_SY300_QL70_FMwebp_.jpg
962,https://m.media-amazon.com/images/I/31dnZ234ZOL._SY300_SX300_QL70_FMwebp_.jpg
965,https://m.media-amazon.com/images/I/41fDM4QUfvL._SX300_SY300_QL70_FMwebp_.jpg
968,https://m.media-amazon.com/images/I/41J6oGU8w5L._SX300_SY300_QL70_FMwebp_.jpg
969,https://m.media-amazon.com/images/I/31cOcZC4n7L._SX300_SY300_QL70_FMwebp_.jpg
970,https://m.media-amazon.com/images/I/51BGUyveMfL._SX300_SY300_QL70_FMwebp_.jpg
972,https://m.media-amazon.com/images/I/41PnIUzyYML._SX300_SY300_QL70_FMwebp_.jpg
974,https://m.media-amazon.com/images/I/41uoxHxPDaL._SX300_SY300_QL70_FMwebp_.jpg
975,https://m.media-amazon.com/images/I/217Lv1D3bHL._SX300_SY300_QL70_FMwebp_.jpg
977,https://m.media-amazon.com/images/W/WEBP_402378-T2/images/I/31mgo4D-kPL._SX300_SY300_QL70_FMwebp_.jpg
978,https://m.media-amazon.com/images/I/41d-eh65JLS._SX300_SY300_QL70_FMwebp_.jpg
